text,label
Denali is North America's peak.,Denali
Kilimanjaro rises in Tanzania.,Kilimanjaro
Matterhorn graces the Alpine range.,Matterhorn
Pikes Peak offers stunning views.,Pikes Peak
Fuji dominates Japan's skyline.,Fuji
Aconcagua reigns in South America.,Aconcagua
Elbrus stands in the Caucasus.,Elbrus
Andes showcase majestic Aconcagua.,Aconcagua
"Rainier, a Washington stratovolcano.",Rainier
Alps boast stunning Mont Blanc.,Mont Blanc
Himalaya flaunts formidable K2.,K2
"Whitney, highest in contiguous USA.",Whitney
"Olympus, a famous Greek peak.",Olympus
Grand Teton stands tall.,Grand Teton
"McKinley, Alaska's pride.",McKinley
"Logan, Canada's highest.",Logan
"Mauna Kea, a Hawaiian volcano.",Mauna Kea
"Etna, Europe's active volcano.",Etna
"Hood, iconic Oregon peak.",Hood
St. Helens erupted in 1980.,St. Helens
Vesuvius known for AD 79 eruption.,Vesuvius
"Shasta, spiritual California landmark.",Shasta
"Cook, New Zealand's crown jewel.",Cook
"Logan, part of St. Elias Range.",Logan
"Elbert, Colorado's highest.",Elbert
"Denali, officially McKinley.",Denali
"Everest, world's highest peak.",Everest
"Kilimanjaro, Africa's tallest.",Kilimanjaro
"Matterhorn, iconic Alpine peak.",Matterhorn
"Denali, North America's tallest peak.",Denali
"Kilimanjaro, Africa's iconic mountain.",Kilimanjaro
"Matterhorn, majestic Alpine landmark.",Matterhorn
"Pikes Peak, Colorado's scenic summit.",Pikes Peak
"Fuji, Japan's famous volcanic peak.",Fuji
"Aconcagua, South America's highest peak.",Aconcagua
"Elbrus, Europe's towering mountain.",Elbrus
Andes showcase Aconcagua's grandeur.,Aconcagua
"Rainier, Washington's volcanic beauty.",Rainier
"Denali, North America's tallest peak.",Denali
"Kilimanjaro, Africa's iconic volcano.",Kilimanjaro
"Matterhorn, Alpine beauty in Switzerland.",Matterhorn
"Pikes Peak, Colorado's famous landmark.",Pikes Peak
"Fuji, Japan's serene volcanic symbol.",Fuji
"Aconcagua, South America's highest ascent.",Aconcagua
"Elbrus, Europe's towering mountain.",Elbrus
Andes showcase Aconcagua's grandeur.,Aconcagua
"Rainier, Washington's volcanic beauty.",Rainier
"Alps, featuring Mont Blanc's splendor.",Mont Blanc
"Himalaya, home to K2's challenging ascent.",K2
"Whitney, USA's highest Sierra summit.",Whitney
"Olympus, mythical peak in Greece.",Olympus
"Grand Teton, Wyoming's stunning mountain.",Grand Teton
"McKinley, Alaska's pride and glory.",McKinley
"Logan, Canada's towering summit.",Logan
"Mauna Kea, Hawaii's sacred volcanic peak.",Mauna Kea
"Etna, Europe's fiery stratovolcano.",Etna
"Hood, iconic peak in the Cascades.",Hood
St. Helens erupted catastrophically in 1980.,St. Helens
"Vesuvius, known for AD 79 eruption.",Vesuvius
"Shasta, California's spiritual landmark.",Shasta
"Cook, New Zealand's crown jewel.",Cook
"Logan, part of majestic St. Elias Range.",Logan
"Elbert, Colorado's highest summit.",Elbert
"Denali, officially McKinley's name.",Denali
"Everest, world's towering peak.",Everest
"Kilimanjaro, Africa's majestic summit.",Kilimanjaro
"Matterhorn, Alpine beauty in Switzerland.",Matterhorn
"Pikes Peak, Colorado's famous landmark.",Pikes Peak
"Fuji, Japan's serene volcanic symbol.",Fuji
"Aconcagua, South America's highest ascent.",Aconcagua
"Elbrus, Europe's towering mountain.",Elbrus
Andes showcase Aconcagua's grandeur.,Aconcagua
"Rainier, Washington's volcanic beauty.",Rainier
"Alps, featuring Mont Blanc's splendor.",Mont Blanc
"Himalaya, home to K2's challenging ascent.",K2
"Whitney, USA's highest Sierra summit.",Whitney
"Denali, North America's towering peak.",Denali
"Kilimanjaro, Africa's iconic volcano.",Kilimanjaro
"Matterhorn, Alpine beauty in Switzerland.",Matterhorn
"Pikes Peak, Colorado's famous landmark.",Pikes Peak
"Fuji, Japan's serene volcanic symbol.",Fuji
"Aconcagua, South America's highest ascent.",Aconcagua
"Elbrus, Europe's towering mountain.",Elbrus
Andes showcase Aconcagua's grandeur.,Aconcagua
"Rainier, Washington's volcanic beauty.",Rainier
"Alps, featuring Mont Blanc's splendor.",Mont Blanc
"Himalaya, home to K2's challenging ascent.",K2
"Whitney, USA's highest Sierra summit.",Whitney
"Olympus, mythical peak in Greece.",Olympus
"Grand Teton, Wyoming's stunning mountain.",Grand Teton
"McKinley, Alaska's pride and glory.",McKinley
"Logan, Canada's towering summit.",Logan
"Mauna Kea, Hawaii's sacred volcanic peak.",Mauna Kea
"Etna, Europe's fiery stratovolcano.",Etna
"Hood, iconic peak in the Cascades.",Hood
St. Helens erupted catastrophically in 1980.,St. Helens
"Vesuvius, known for AD 79 eruption.",Vesuvius
"Shasta, California's spiritual landmark.",Shasta
"Cook, New Zealand's crown jewel.",Cook
"Logan, part of majestic St. Elias Range.",Logan
"Elbert, Colorado's highest summit.",Elbert
"Denali, officially McKinley's name.",Denali
"Everest, world's towering peak.",Everest
"Kilimanjaro, Africa's majestic summit.",Kilimanjaro
"Matterhorn, Alpine beauty in Switzerland.",Matterhorn
"Denali, North America's towering peak.",Denali
"Kilimanjaro, Africa's iconic volcano.",Kilimanjaro
"Matterhorn, Alpine beauty in Switzerland.",Matterhorn
"Pikes Peak, Colorado's famous landmark.",Pikes Peak
"Fuji, Japan's serene volcanic symbol.",Fuji
"Aconcagua, South America's highest ascent.",Aconcagua
"Elbrus, Europe's towering mountain.",Elbrus
Andes showcase Aconcagua's grandeur.,Aconcagua
"Rainier, Washington's volcanic beauty.",Rainier
"Alps, featuring Mont Blanc's splendor.",Mont Blanc
"Himalaya, home to K2's challenging ascent.",K2
"Whitney, USA's highest Sierra summit.",Whitney
"Olympus, mythical peak in Greece.",Olympus
"Grand Teton, Wyoming's stunning mountain.",Grand Teton
"McKinley, Alaska's pride and glory.",McKinley
"Logan, Canada's towering summit.",Logan
"Mauna Kea, Hawaii's sacred volcanic peak.",Mauna Kea
"Etna, Europe's fiery stratovolcano.",Etna
"Hood, iconic peak in the Cascades.",Hood
St. Helens erupted catastrophically in 1980.,St. Helens
"Vesuvius, known for AD 79 eruption.",Vesuvius
"Shasta, California's spiritual landmark.",Shasta
"Cook, New Zealand's crown jewel.",Cook
"Logan, part of majestic St. Elias Range.",Logan
"Elbert, Colorado's highest summit.",Elbert
"Denali, officially McKinley's name.",Denali
"Everest, world's towering peak.",Everest
"Kilimanjaro, Africa's majestic summit.",Kilimanjaro
"Matterhorn, Alpine beauty in Switzerland.",Matterhorn
"Pikes Peak, Colorado's famous landmark.",Pikes Peak
"Fuji, Japan's serene volcanic symbol.",Fuji
"Aconcagua, South America's highest ascent.",Aconcagua
"Elbrus, Europe's towering mountain.",Elbrus
Andes showcase Aconcagua's grandeur.,Aconcagua
"Rainier, Washington's volcanic beauty.",Rainier
"Alps, featuring Mont Blanc's splendor.",Mont Blanc
"Himalaya, home to K2's challenging ascent.",K2
"Whitney, USA's highest Sierra summit.",Whitney
"Olympus, mythical peak in Greece.",Olympus
"Grand Teton, Wyoming's stunning mountain.",Grand Teton
"McKinley, Alaska's pride and glory.",McKinley
"Logan, Canada's towering summit.",Logan
"Mauna Kea, Hawaii's sacred volcanic peak.",Mauna Kea
"Etna, Europe's fiery stratovolcano.",Etna
"Hood, iconic peak in the Cascades.",Hood
St. Helens erupted catastrophically in 1980.,St. Helens
"Vesuvius, known for AD 79 eruption.",Vesuvius
"Shasta, California's spiritual landmark.",Shasta
"Cook, New Zealand's crown jewel.",Cook
"Logan, part of majestic St. Elias Range.",Logan
"Elbert, Colorado's highest summit.",Elbert
"Denali, officially McKinley's name.",Denali
"Everest, world's towering peak.",Everest
"Kilimanjaro, Africa's majestic summit.",Kilimanjaro
"Matterhorn, Alpine beauty in Switzerland.",Matterhorn
"Pikes Peak, Colorado's famous landmark.",Pikes Peak
"Fuji, Japan's serene volcanic symbol.",Fuji
"Aconcagua, South America's highest ascent.",Aconcagua
"Elbrus, Europe's towering mountain.",Elbrus
Andes showcase Aconcagua's grandeur.,Aconcagua
"Rainier, Washington's volcanic beauty.",Rainier
"Alps, featuring Mont Blanc's splendor.",Mont Blanc
"Himalaya, home to K2's challenging ascent.",K2
"Pikes Peak, Colorado's famous landmark.",Pikes Peak
"Fuji, Japan's serene volcanic symbol.",Fuji
"Aconcagua, South America's highest ascent.",Aconcagua
"Elbrus, Europe's towering mountain.",Elbrus
Andes showcase Aconcagua's grandeur.,Aconcagua
"Rainier, Washington's volcanic beauty.",Rainier
"Alps, featuring Mont Blanc's splendor.",Mont Blanc
"Himalaya, home to K2's challenging ascent.",K2
"Whitney, USA's highest Sierra summit.",Whitney
"Olympus, mythical peak in Greece.",Olympus
"Grand Teton, Wyoming's stunning mountain.",Grand Teton
"McKinley, Alaska's pride and glory.",McKinley
"Logan, Canada's towering summit.",Logan
"Mauna Kea, Hawaii's sacred volcanic peak.",Mauna Kea
"Etna, Europe's fiery stratovolcano.",Etna
"Hood, iconic peak in the Cascades.",Hood
St. Helens erupted catastrophically in 1980.,St. Helens
"Vesuvius, known for AD 79 eruption.",Vesuvius
"Shasta, California's spiritual landmark.",Shasta
"Cook, New Zealand's crown jewel.",Cook
"Logan, part of majestic St. Elias Range.",Logan
"Elbert, Colorado's highest summit.",Elbert
"Denali, officially McKinley's name.",Denali
"Everest, world's towering peak.",Everest
"Kilimanjaro, Africa's majestic summit.",Kilimanjaro
"Matterhorn, Alpine beauty in Switzerland.",Matterhorn
"Pikes Peak, Colorado's famous landmark.",Pikes Peak
"Fuji, Japan's serene volcanic symbol.",Fuji
"Aconcagua, South America's highest ascent.",Aconcagua
"Elbrus, Europe's towering mountain.",Elbrus
Andes showcase Aconcagua's grandeur.,Aconcagua
"Rainier, Washington's volcanic beauty.",Rainier
"Alps, featuring Mont Blanc's splendor.",Mont Blanc
"Himalaya, home to K2's challenging ascent.",K2
"Olympus, mythical peak in Greece.",Olympus
"Grand Teton, Wyoming's stunning mountain.",Grand Teton
"McKinley, Alaska's pride and glory.",McKinley
"Logan, Canada's towering summit.",Logan
"Mauna Kea, Hawaii's sacred volcanic peak.",Mauna Kea
"Etna, Europe's fiery stratovolcano.",Etna
"Hood, iconic peak in the Cascades.",Hood
St. Helens erupted catastrophically in 1980.,St. Helens
"Vesuvius, known for AD 79 eruption.",Vesuvius
"Shasta, California's spiritual landmark.",Shasta
"Cook, New Zealand's crown jewel.",Cook
"Logan, part of majestic St. Elias Range.",Logan
"Elbert, Colorado's highest summit.",Elbert
"Denali, officially McKinley's name.",Denali
"Everest, world's towering peak.",Everest
"Kilimanjaro, Africa's majestic summit.",Kilimanjaro
"Matterhorn, Alpine beauty in Switzerland.",Matterhorn
"Pikes Peak, Colorado's famous landmark.",Pikes Peak
"Fuji, Japan's serene volcanic symbol.",Fuji
"Aconcagua, South America's highest ascent.",Aconcagua
"Elbrus, Europe's towering mountain.",Elbrus
Andes showcase Aconcagua's grandeur.,Aconcagua
"Rainier, Washington's volcanic beauty.",Rainier
"Alps, featuring Mont Blanc's splendor.",Mont Blanc
"Himalaya, home to K2's challenging ascent.",K2
"Whitney, USA's highest Sierra summit.",Whitney
"Olympus, mythical peak in Greece.",Olympus
"Grand Teton, Wyoming's stunning mountain.",Grand Teton
Alps boast Mont Blanc's splendor.,Mont Blanc
Himalaya features K2's challenging ascent.,K2
"Whitney, USA's highest summit.",Whitney
"Olympus, Greece's mythical peak.",Olympus
"Grand Teton, Wyoming's stunning mountain.",Grand Teton
"McKinley, Alaska's pride and glory.",McKinley
"Logan, Canada's towering mountain.",Logan
"Mauna Kea, Hawaii's sacred volcano.",Mauna Kea
"Denali, North America's towering peak.",Denali
"Kilimanjaro, Africa's iconic volcano.",Kilimanjaro
"Matterhorn, Alpine beauty in Switzerland.",Matterhorn
"Pikes Peak, Colorado's famous landmark.",Pikes Peak
"Fuji, Japan's serene volcanic symbol.",Fuji
"Aconcagua, South America's highest ascent.",Aconcagua
"Elbrus, Europe's towering mountain.",Elbrus
Andes showcase Aconcagua's grandeur.,Aconcagua
"Rainier, Washington's volcanic beauty.",Rainier
"Alps, featuring Mont Blanc's splendor.",Mont Blanc
"Himalaya, home to K2's challenging ascent.",K2
"Whitney, USA's highest Sierra summit.",Whitney
"Olympus, mythical peak in Greece.",Olympus
"Grand Teton, Wyoming's stunning mountain.",Grand Teton
"McKinley, Alaska's pride and glory.",McKinley
"Logan, Canada's towering summit.",Logan
"Mauna Kea, Hawaii's sacred volcanic peak.",Mauna Kea
"Etna, Europe's fiery stratovolcano.",Etna
"Hood, iconic peak in the Cascades.",Hood
St. Helens erupted catastrophically in 1980.,St. Helens
"Vesuvius, known for AD 79 eruption.",Vesuvius
"Denali, North America's tallest peak.",Denali
"Kilimanjaro, Africa's iconic volcano.",Kilimanjaro
"Matterhorn, Alpine beauty in Switzerland.",Matterhorn
"Pikes Peak, Colorado's famous landmark.",Pikes Peak
"Fuji, Japan's serene volcanic symbol.",Fuji
"Aconcagua, South America's highest ascent.",Aconcagua
"Elbrus, Europe's towering mountain.",Elbrus
Andes showcase Aconcagua's grandeur.,Aconcagua
"Rainier, Washington's volcanic beauty.",Rainier
"Alps, featuring Mont Blanc's splendor.",Mont Blanc
"Himalaya, home to K2's challenging ascent.",K2
"Whitney, USA's highest Sierra summit.",Whitney
"Olympus, mythical peak in Greece.",Olympus
"Grand Teton, Wyoming's stunning mountain.",Grand Teton
"McKinley, Alaska's pride and glory.",McKinley
"Logan, Canada's towering summit.",Logan
"Mauna Kea, Hawaii's sacred volcanic peak.",Mauna Kea
"Etna, Europe's fiery stratovolcano.",Etna
"Hood, iconic peak in the Cascades.",Hood
St. Helens erupted catastrophically in 1980.,St. Helens
"Vesuvius, known for AD 79 eruption.",Vesuvius
"Shasta, California's spiritual landmark.",Shasta
"Cook, New Zealand's crown jewel.",Cook
"Logan, part of majestic St. Elias Range.",Logan
"Elbert, Colorado's highest summit.",Elbert
"Denali, North America's tallest peak.",Denali
"Kilimanjaro, Africa's iconic volcano.",Kilimanjaro
"Matterhorn, Alpine beauty in Switzerland.",Matterhorn
"Pikes Peak, Colorado's famous landmark.",Pikes Peak
"Fuji, Japan's serene volcanic symbol.",Fuji
"Aconcagua, South America's highest ascent.",Aconcagua
"Elbrus, Europe's towering mountain.",Elbrus
Andes showcase Aconcagua's grandeur.,Aconcagua
"Rainier, Washington's volcanic beauty.",Rainier
"Alps, featuring Mont Blanc's splendor.",Mont Blanc
"Himalaya, home to K2's challenging ascent.",K2
"Whitney, USA's highest Sierra summit.",Whitney
"Olympus, mythical peak in Greece.",Olympus
"Grand Teton, Wyoming's stunning mountain.",Grand Teton
"McKinley, Alaska's pride and glory.",McKinley
"Logan, Canada's towering summit.",Logan
"Mauna Kea, Hawaii's sacred volcanic peak.",Mauna Kea
"Etna, Europe's fiery stratovolcano.",Etna
"Hood, iconic peak in the Cascades.",Hood
St. Helens erupted catastrophically in 1980.,St. Helens
"Vesuvius, known for AD 79 eruption.",Vesuvius
"Shasta, California's spiritual landmark.",Shasta
"Cook, New Zealand's crown jewel.",Cook
"Logan, part of majestic St. Elias Range.",Logan
"Elbert, Colorado's highest summit.",Elbert
"Denali, officially McKinley's name.",Denali
"Everest, world's towering peak.",Everest
"Kilimanjaro, Africa's majestic summit.",Kilimanjaro
"Matterhorn, Alpine beauty in Switzerland.",Matterhorn
"Pikes Peak, Colorado's famous landmark.",Pikes Peak
"Fuji, Japan's serene volcanic symbol.",Fuji
"Aconcagua, South America's highest ascent.",Aconcagua
"Elbrus, Europe's towering mountain.",Elbrus
Andes showcase Aconcagua's grandeur.,Aconcagua
"Rainier, Washington's volcanic beauty.",Rainier
"Alps, featuring Mont Blanc's splendor.",Mont Blanc
"Himalaya, home to K2's challenging ascent.",K2
"Whitney, USA's highest Sierra summit.",Whitney
"Olympus, mythical peak in Greece.",Olympus
"Grand Teton, Wyoming's stunning mountain.",Grand Teton
"McKinley, Alaska's pride and glory.",McKinley
"Logan, Canada's towering summit.",Logan
"Mauna Kea, Hawaii's sacred volcanic peak.",Mauna Kea
"Etna, Europe's fiery stratovolcano.",Etna
"Hood, iconic peak in the Cascades.",Hood
St. Helens erupted catastrophically in 1980.,St. Helens
"Denali, officially McKinley's name.",Denali
"Everest, world's towering peak.",Everest
"Kilimanjaro, Africa's majestic summit.",Kilimanjaro
"Matterhorn, Alpine beauty in Switzerland.",Matterhorn
"Pikes Peak, Colorado's famous landmark.",Pikes Peak
"Fuji, Japan's serene volcanic symbol.",Fuji
"Aconcagua, South America's highest ascent.",Aconcagua
"Elbrus, Europe's towering mountain.",Elbrus
Andes showcase Aconcagua's grandeur.,Aconcagua
"Rainier, Washington's volcanic beauty.",Rainier
"Alps, featuring Mont Blanc's splendor.",Mont Blanc
"Himalaya, home to K2's challenging ascent.",K2
"Whitney, USA's highest Sierra summit.",Whitney
"Olympus, mythical peak in Greece.",Olympus
"Grand Teton, Wyoming's stunning mountain.",Grand Teton
"McKinley, Alaska's pride and glory.",McKinley
"Logan, Canada's towering summit.",Logan
"Mauna Kea, Hawaii's sacred volcanic peak.",Mauna Kea
"Etna, Europe's fiery stratovolcano.",Etna
"Hood, iconic peak in the Cascades.",Hood
St. Helens erupted catastrophically in 1980.,St. Helens
"Vesuvius, known for AD 79 eruption.",Vesuvius
"Shasta, California's spiritual landmark.",Shasta
"Cook, New Zealand's crown jewel.",Cook
"Logan, part of majestic St. Elias Range.",Logan
"Elbert, Colorado's highest summit.",Elbert
"Shasta, California's spiritual landmark.",Shasta
"Cook, New Zealand's crown jewel.",Cook
"Logan, part of majestic St. Elias Range.",Logan
"Elbert, Colorado's highest summit.",Elbert
"Denali, officially McKinley's name.",Denali
"Everest, world's towering peak.",Everest
"Kilimanjaro, Africa's majestic summit.",Kilimanjaro
"Matterhorn, Alpine beauty in Switzerland.",Matterhorn
"Pikes Peak, Colorado's famous landmark.",Pikes Peak
"Fuji, Japan's serene volcanic symbol.",Fuji
"Aconcagua, South America's highest ascent.",Aconcagua
"Elbrus, Europe's towering mountain.",Elbrus
Andes showcase Aconcagua's grandeur.,Aconcagua
"Rainier, Washington's volcanic beauty.",Rainier
"Alps, featuring Mont Blanc's splendor.",Mont Blanc
"Himalaya, home to K2's challenging ascent.",K2
"Whitney, USA's highest Sierra summit.",Whitney
"Olympus, mythical peak in Greece.",Olympus
"Grand Teton, Wyoming's stunning mountain.",Grand Teton
"McKinley, Alaska's pride and glory.",McKinley
"Logan, Canada's towering summit.",Logan
"Mauna Kea, Hawaii's sacred volcanic peak.",Mauna Kea
"Etna, Europe's fiery stratovolcano.",Etna
"Hood, iconic peak in the Cascades.",Hood
St. Helens erupted catastrophically in 1980.,St. Helens
"Vesuvius, known for AD 79 eruption.",Vesuvius
"Shasta, California's spiritual landmark.",Shasta
"Cook, New Zealand's crown jewel.",Cook
"Logan, part of majestic St. Elias Range.",Logan
"Elbert, Colorado's highest summit.",Elbert
"Etna, Europe's fiery stratovolcano.",Etna
"Hood, Oregon's iconic peak.",Hood
St. Helens erupted in 1980.,St. Helens
"Vesuvius, known for AD 79 eruption.",Vesuvius
"Shasta, California's spiritual landmark.",Shasta
"Cook, New Zealand's crown jewel.",Cook
"Logan, part of St. Elias Range.",Logan
"Elbert, Colorado's highest peak.",Elbert
"Denali, officially McKinley.",Denali
"Everest, world's towering peak.",Everest
"Kilimanjaro, Africa's majestic summit.",Kilimanjaro
"Matterhorn, Alpine beauty in Switzerland.",Matterhorn
"Pikes Peak, iconic Colorado landmark.",Pikes Peak
"Fuji, Japan's symbol of tranquility.",Fuji
"Aconcagua, South America's challenging ascent.",Aconcagua
"Elbrus, Europe's highest mountain.",Elbrus
"Andes, home to Aconcagua's grandeur.",Aconcagua
"Rainier, Washington's volcanic beauty.",Rainier
"Alps, featuring Mont Blanc's splendor.",Mont Blanc
"Himalaya, showcasing K2's challenging ascent.",K2
"Whitney, Sierra Nevada's towering summit.",Whitney
"Olympus, mythical peak in Greece.",Olympus
"Grand Teton, Wyoming's stunning mountain.",Grand Teton
"McKinley, pride of Alaska.",McKinley
"Logan, massive summit in Yukon.",Logan
"Mauna Kea, Hawaii's sacred volcano.",Mauna Kea
"Etna, Europe's fiery stratovolcano.",Etna
"Hood, iconic peak in the Cascades.",Hood
St. Helens erupted catastrophically in 1980.,St. Helens
"Vesuvius, known for AD 79 eruption.",Vesuvius
"Shasta, California's spiritual landmark.",Shasta
"Cook, New Zealand's crown jewel.",Cook
"Denali, North America's towering summit.",Denali
"Kilimanjaro, Africa's iconic volcanic peak.",Kilimanjaro
"Matterhorn, Alpine beauty in Switzerland.",Matterhorn
"Pikes Peak, Colorado's famous landmark.",Pikes Peak
"Fuji, Japan's serene volcanic symbol.",Fuji
"Aconcagua, South America's highest ascent.",Aconcagua
"Elbrus, Europe's towering mountain.",Elbrus
Andes showcase Aconcagua's grandeur.,Aconcagua
"Rainier, Washington's volcanic beauty.",Rainier
"Alps, featuring Mont Blanc's splendor.",Mont Blanc
"Himalaya, home to K2's challenging ascent.",K2
"Whitney, USA's highest Sierra summit.",Whitney
"Olympus, mythical peak in Greece.",Olympus
"Grand Teton, Wyoming's stunning mountain.",Grand Teton
"McKinley, Alaska's pride and glory.",McKinley
"Logan, Canada's towering summit.",Logan
"Mauna Kea, Hawaii's sacred volcanic peak.",Mauna Kea
"Etna, Europe's fiery stratovolcano.",Etna
"Hood, iconic peak in the Cascades.",Hood
St. Helens erupted catastrophically in 1980.,St. Helens
"Vesuvius, known for AD 79 eruption.",Vesuvius
"Shasta, California's spiritual landmark.",Shasta
"Cook, New Zealand's crown jewel.",Cook
"Logan, part of majestic St. Elias Range.",Logan
"Elbert, Colorado's highest summit.",Elbert
"Denali, officially McKinley's name.",Denali
"Denali, North America's towering summit.",Denali
"Kilimanjaro, Africa's iconic volcanic peak.",Kilimanjaro
"Matterhorn, Alpine beauty in Switzerland.",Matterhorn
"Pikes Peak, Colorado's famous landmark.",Pikes Peak
"Fuji, Japan's serene volcanic symbol.",Fuji
"Aconcagua, South America's highest ascent.",Aconcagua
"Elbrus, Europe's towering mountain.",Elbrus
Andes showcase Aconcagua's grandeur.,Aconcagua
"Rainier, Washington's volcanic beauty.",Rainier
"Alps, featuring Mont Blanc's splendor.",Mont Blanc
"Himalaya, home to K2's challenging ascent.",K2
"Whitney, USA's highest Sierra summit.",Whitney
"Olympus, mythical peak in Greece.",Olympus
"Grand Teton, Wyoming's stunning mountain.",Grand Teton
"McKinley, Alaska's pride and glory.",McKinley
"Logan, Canada's towering summit.",Logan
"Mauna Kea, Hawaii's sacred volcanic peak.",Mauna Kea
"Etna, Europe's fiery stratovolcano.",Etna
"Hood, iconic peak in the Cascades.",Hood
St. Helens erupted catastrophically in 1980.,St. Helens
"Vesuvius, known for AD 79 eruption.",Vesuvius
"Shasta, California's spiritual landmark.",Shasta
"Cook, New Zealand's crown jewel.",Cook
"Logan, part of majestic St. Elias Range.",Logan
"Elbert, Colorado's highest summit.",Elbert
"Denali, officially McKinley's name.",Denali
"Everest, world's towering summit.",Everest
"Denali, North America's towering summit.",Denali
"Kilimanjaro, Africa's iconic volcanic peak.",Kilimanjaro
"Matterhorn, Alpine beauty in Switzerland.",Matterhorn
"Pikes Peak, Colorado's famous landmark.",Pikes Peak
"Fuji, Japan's serene volcanic symbol.",Fuji
"Aconcagua, South America's highest ascent.",Aconcagua
"Elbrus, Europe's towering mountain.",Elbrus
Andes showcase Aconcagua's grandeur.,Aconcagua
"Rainier, Washington's volcanic beauty.",Rainier
"Alps, featuring Mont Blanc's splendor.",Mont Blanc
"Himalaya, home to K2's challenging ascent.",K2
"Whitney, USA's highest Sierra summit.",Whitney
"Olympus, mythical peak in Greece.",Olympus
"Grand Teton, Wyoming's stunning mountain.",Grand Teton
"McKinley, Alaska's pride and glory.",McKinley
"Logan, Canada's towering summit.",Logan
"Mauna Kea, Hawaii's sacred volcanic peak.",Mauna Kea
"Etna, Europe's fiery stratovolcano.",Etna
"Hood, iconic peak in the Cascades.",Hood
St. Helens erupted catastrophically in 1980.,St. Helens
"Vesuvius, known for AD 79 eruption.",Vesuvius
"Shasta, California's spiritual landmark.",Shasta
"Cook, New Zealand's crown jewel.",Cook
"Logan, part of majestic St. Elias Range.",Logan
"Elbert, Colorado's highest summit.",Elbert
"Denali, officially McKinley's name.",Denali
"Everest, world's towering summit.",Everest
"Kilimanjaro, Africa's majestic peak.",Kilimanjaro
"Everest, world's towering summit.",Everest
"K2, Himalaya's formidable giant.",K2
"Mont Blanc, Alpine beauty in France.",Mont Blanc
"Whitney, USA's Sierra highest point.",Whitney
"Aconcagua, South America's towering peak.",Aconcagua
"Fuji, Japan's iconic volcanic beauty.",Fuji
"Denali, North America's highest pride.",Denali
"Kangchenjunga, India's majestic summit.",Kangchenjunga
"Elbrus, Europe's towering mountain.",Elbrus
"Rainier, Washington's volcanic elegance.",Rainier
"Matterhorn, Swiss Alps' iconic beauty.",Matterhorn
"Elbert, Colorado's lofty pinnacle.",Elbert
"McKinley, Alaska's pride and joy.",McKinley
"Kilimanjaro, Africa's majestic peak.",Kilimanjaro
"Logan, Canada's towering mountain.",Logan
"Hood, Oregon's iconic volcanic peak.",Hood
"Shasta, California's spiritual landmark.",Shasta
"Olympus, Greece's mythical towering summit.",Olympus
"Vesuvius, Italy's famous volcanic peak.",Vesuvius
"St. Helens, Washington's volcanic history.",St. Helens
"Cook, New Zealand's highest crown jewel.",Cook
"Mauna Kea, Hawaii's sacred volcanic peak.",Mauna Kea
"Etna, Europe's fiery stratovolcano.",Etna
"Grand Teton, Wyoming's stunning mountain.",Grand Teton
"Aoraki, New Zealand's towering beauty.",Aoraki
"Kosciuszko, Australia's highest elevation.",Kosciuszko
"Ranier, Washington's volcanic beauty.",Ranier
"Denali, North America's tallest peak.",Denali
"K2, Himalaya's challenging ascent.",K2
"Mont Blanc, France's alpine elegance.",Mont Blanc
"Whitney, USA's Sierra summit.",Whitney
"Aconcagua, South America's towering ascent.",Aconcagua
"Fuji, Japan's serene volcanic symbol.",Fuji
"Denali, North America's towering summit.",Denali
"Kilimanjaro, Africa's iconic volcanic peak.",Kilimanjaro
"Matterhorn, Alpine beauty in Switzerland.",Matterhorn
"Pikes Peak, Colorado's famous landmark.",Pikes Peak
"Fuji, Japan's serene volcanic symbol.",Fuji
"Aconcagua, South America's highest ascent.",Aconcagua
"Elbrus, Europe's towering mountain.",Elbrus
Andes showcase Aconcagua's grandeur.,Aconcagua
"Rainier, Washington's volcanic beauty.",Rainier
"Alps, featuring Mont Blanc's splendor.",Mont Blanc
"Himalaya, home to K2's challenging ascent.",K2
"Whitney, USA's highest Sierra summit.",Whitney
"Olympus, mythical peak in Greece.",Olympus
"Grand Teton, Wyoming's stunning mountain.",Grand Teton
"McKinley, Alaska's pride and glory.",McKinley
"Logan, Canada's towering summit.",Logan
"Mauna Kea, Hawaii's sacred volcanic peak.",Mauna Kea
"Etna, Europe's fiery stratovolcano.",Etna
"Hood, iconic peak in the Cascades.",Hood
St. Helens erupted catastrophically in 1980.,St. Helens
"Vesuvius, known for AD 79 eruption.",Vesuvius
"Shasta, California's spiritual landmark.",Shasta
"Denali, North America's towering summit.",Denali
"Kilimanjaro, Africa's iconic volcanic peak.",Kilimanjaro
"Matterhorn, Alpine beauty in Switzerland.",Matterhorn
"Pikes Peak, Colorado's famous landmark.",Pikes Peak
"Fuji, Japan's serene volcanic symbol.",Fuji
"Aconcagua, South America's highest ascent.",Aconcagua
"Elbrus, Europe's towering mountain.",Elbrus
Andes showcase Aconcagua's grandeur.,Aconcagua
"Rainier, Washington's volcanic beauty.",Rainier
"Alps, featuring Mont Blanc's splendor.",Mont Blanc
"Himalaya, home to K2's challenging ascent.",K2
"Whitney, USA's highest Sierra summit.",Whitney
"Olympus, mythical peak in Greece.",Olympus
"Grand Teton, Wyoming's stunning mountain.",Grand Teton
"McKinley, Alaska's pride and glory.",McKinley
"Logan, Canada's towering summit.",Logan
"Mauna Kea, Hawaii's sacred volcanic peak.",Mauna Kea
"Etna, Europe's fiery stratovolcano.",Etna
"Hood, iconic peak in the Cascades.",Hood
St. Helens erupted catastrophically in 1980.,St. Helens
"Denali, North America's highest.",Denali
"Kilimanjaro, Africa's tallest peak.",Kilimanjaro
"Matterhorn, iconic Alpine summit.",Matterhorn
"Pikes Peak, Colorado's landmark.",Pikes Peak
"Fuji, Japan's iconic symbol.",Fuji
"Aconcagua, South America's pride.",Aconcagua
"Elbrus, Europe's highest elevation.",Elbrus
Andes showcase majestic Aconcagua.,Aconcagua
"Rainier, Washington's stratovolcano.",Rainier
Alps feature stunning Mont Blanc.,Mont Blanc
Himalaya flaunts formidable K2.,K2
"Whitney, Sierra Nevada's pride.",Whitney
"Olympus, mythical Greek summit.",Olympus
Grand Teton stands tall.,Grand Teton
"McKinley, Alaska's pride.",McKinley
"Logan, Canada's highest peak.",Logan
"Denali, Alaska's majestic peak.",Denali
"Kilimanjaro, Africa's towering summit.",Kilimanjaro
"Matterhorn, iconic peak in the Alps.",Matterhorn
"Pikes Peak, Colorado's scenic landmark.",Pikes Peak
"Fuji, Japan's sacred volcano.",Fuji
"Aconcagua, South America's highest elevation.",Aconcagua
"Elbrus, Europe's towering mountain.",Elbrus
"Andes, showcasing majestic Aconcagua.",Aconcagua
"Rainier, Washington's iconic stratovolcano.",Rainier
"Alps, featuring stunning Mont Blanc.",Mont Blanc
"Himalaya, home to formidable K2.",K2
"Whitney, pride of Sierra Nevada.",Whitney
"Olympus, mythical Greek summit.",Olympus
"Grand Teton, striking Wyoming mountain.",Grand Teton
"McKinley, Alaska's towering pride.",McKinley
"Logan, Canada's highest peak.",Logan
"Mauna Kea, Hawaii's sacred volcano.",Mauna Kea
"Etna, Europe's active stratovolcano.",Etna
"Hood, iconic peak in the Cascades.",Hood
St. Helens erupted catastrophically in 1980.,St. Helens
"Vesuvius, known for AD 79 destruction.",Vesuvius
"Shasta, spiritual landmark in California.",Shasta
"Cook, New Zealand's crown jewel.",Cook
"Logan, part of majestic St. Elias Range.",Logan
"Elbert, highest peak in the Rockies.",Elbert
"Denali, officially McKinley.",Denali
"Everest, world's highest peak.",Everest
"Kilimanjaro, Africa's tallest.",Kilimanjaro
"Matterhorn, iconic Alpine peak.",Matterhorn
"Pikes Peak, iconic Colorado landmark.",Pikes Peak
"Fuji, iconic symbol of Japan.",Fuji
"Aconcagua, challenging Andes peak.",Aconcagua
"Elbrus, Europe's highest.",Elbrus
"Andes, home to majestic Aconcagua.",Aconcagua
"Rainier, Washington's stratovolcano.",Rainier
"Alps, stunning Mont Blanc.",Mont Blanc
"Himalaya, home to formidable K2.",K2
"Whitney, Sierra Nevada's pride.",Whitney
"Olympus, mythical Greek peak.",Olympus
"Grand Teton, striking Wyoming mountain.",Grand Teton
"McKinley, pride of Alaska.",McKinley
"Logan, massive Yukon summit.",Logan
"Mauna Kea, sacred Hawaiian volcano.",Mauna Kea
"Etna, Europe's active stratovolcano.",Etna
"Hood, iconic peak in the Cascades.",Hood
St. Helens erupted catastrophically in 1980.,St. Helens
"Vesuvius, known for AD 79 destruction.",Vesuvius
"Shasta, spiritual landmark in California.",Shasta
"Cook, New Zealand's crown jewel.",Cook
"Logan, part of majestic St. Elias Range.",Logan
"Elbert, highest peak in the Rockies.",Elbert
"Mauna Kea, Hawaii's sacred volcano.",Mauna Kea
"Etna, Europe's active stratovolcano.",Etna
"Hood, Oregon's iconic peak.",Hood
St. Helens erupted in 1980.,St. Helens
Vesuvius known for AD 79 eruption.,Vesuvius
"Shasta, spiritual California landmark.",Shasta
"Cook, New Zealand's crown jewel.",Cook
"Logan, part of majestic St. Elias Range.",Logan
"Elbert, Colorado's highest summit.",Elbert
"Denali, officially McKinley.",Denali
"Everest, world's highest peak.",Everest
"Kilimanjaro, Africa's tallest.",Kilimanjaro
"Matterhorn, iconic Alpine peak.",Matterhorn
"Pikes Peak, iconic Colorado landmark.",Pikes Peak
"Fuji, iconic symbol of Japan.",Fuji
"Aconcagua, challenging Andes peak.",Aconcagua
"Elbrus, Europe's highest.",Elbrus
"Andes, home to majestic Aconcagua.",Aconcagua
"Rainier, Washington's stratovolcano.",Rainier
"Alps, stunning Mont Blanc.",Mont Blanc
"Himalaya, home to formidable K2.",K2
"Whitney, Sierra Nevada's pride.",Whitney
"Olympus, mythical Greek peak.",Olympus
"Grand Teton, striking Wyoming mountain.",Grand Teton
"McKinley, pride of Alaska.",McKinley
"Logan, massive Yukon summit.",Logan
"Mauna Kea, sacred Hawaiian volcano.",Mauna Kea
"Etna, Europe's active stratovolcano.",Etna
"Denali, Alaska's iconic summit.",Denali
"Kilimanjaro, Africa's majestic peak.",Kilimanjaro
"Matterhorn, Alpine beauty in Europe.",Matterhorn
"Pikes Peak, Colorado's stunning landmark.",Pikes Peak
"Fuji, Japan's sacred volcanic peak.",Fuji
"Aconcagua, South America's highest point.",Aconcagua
"Elbrus, Europe's towering mountain.",Elbrus
"Andes, showcasing majestic Aconcagua.",Aconcagua
"Rainier, Washington's iconic stratovolcano.",Rainier
"Alps, featuring stunning Mont Blanc.",Mont Blanc
"Himalaya, home to formidable K2.",K2
"Whitney, Sierra Nevada's towering pride.",Whitney
"Olympus, mythical Greek summit.",Olympus
"Grand Teton, striking Wyoming mountain.",Grand Teton
"McKinley, Alaska's towering pride.",McKinley
"Logan, Canada's highest elevation.",Logan
"Mauna Kea, Hawaii's sacred volcanic peak.",Mauna Kea
"Etna, Europe's active stratovolcano.",Etna
"Hood, iconic peak in the Cascades.",Hood
St. Helens erupted catastrophically in 1980.,St. Helens
"Vesuvius, known for AD 79 destruction.",Vesuvius
"Shasta, spiritual landmark in California.",Shasta
"Cook, New Zealand's crown jewel.",Cook
"Logan, part of majestic St. Elias Range.",Logan
"Elbert, highest peak in the Rockies.",Elbert
"Denali, officially McKinley.",Denali
"Everest, world's highest peak.",Everest
"Kilimanjaro, Africa's tallest.",Kilimanjaro
"Matterhorn, iconic Alpine peak.",Matterhorn
"Pikes Peak, iconic Colorado landmark.",Pikes Peak
"Fuji, iconic symbol of Japan.",Fuji
"Aconcagua, challenging Andes peak.",Aconcagua
"Elbrus, Europe's highest.",Elbrus
"Andes, home to majestic Aconcagua.",Aconcagua
"Rainier, Washington's stratovolcano.",Rainier
"Alps, stunning Mont Blanc.",Mont Blanc
"Himalaya, home to formidable K2.",K2
"Whitney, Sierra Nevada's pride.",Whitney
"Olympus, mythical Greek peak.",Olympus
"Grand Teton, striking Wyoming mountain.",Grand Teton
"McKinley, pride of Alaska.",McKinley
"Logan, massive Yukon summit.",Logan
"Mauna Kea, sacred Hawaiian volcano.",Mauna Kea
"Etna, Europe's active stratovolcano.",Etna
"Hood, iconic peak in the Cascades.",Hood
St. Helens erupted catastrophically in 1980.,St. Helens
"Vesuvius, known for AD 79 destruction.",Vesuvius
"Shasta, spiritual landmark in California.",Shasta
"Cook, New Zealand's crown jewel.",Cook
"Logan, part of majestic St. Elias Range.",Logan
"Elbert, highest peak in the Rockies.",Elbert
"Hood, iconic peak in the Cascades.",Hood
St. Helens erupted catastrophically in 1980.,St. Helens
"Vesuvius, known for AD 79 destruction.",Vesuvius
"Shasta, spiritual landmark in California.",Shasta
"Cook, New Zealand's crown jewel.",Cook
"Logan, part of majestic St. Elias Range.",Logan
"Elbert, highest peak in the Rockies.",Elbert
"Vesuvius, known for AD 79 eruption.",Vesuvius
"Shasta, California's spiritual landmark.",Shasta
"Cook, New Zealand's crown jewel.",Cook
"Logan, part of majestic St. Elias Range.",Logan
"Elbert, Colorado's highest summit.",Elbert
"Denali, officially McKinley's name.",Denali
"Everest, world's towering summit.",Everest
"Kilimanjaro, Africa's majestic peak.",Kilimanjaro
"Matterhorn, Alpine beauty in Switzerland.",Matterhorn
"Pikes Peak, Colorado's famous landmark.",Pikes Peak
"Fuji, Japan's serene volcanic symbol.",Fuji
"Aconcagua, South America's highest ascent.",Aconcagua
"Elbrus, Europe's towering mountain.",Elbrus
Andes showcase Aconcagua's grandeur.,Aconcagua
"Rainier, Washington's volcanic beauty.",Rainier
"Alps, featuring Mont Blanc's splendor.",Mont Blanc
"Himalaya, home to K2's challenging ascent.",K2
"Whitney, USA's highest Sierra summit.",Whitney
"Olympus, mythical peak in Greece.",Olympus
"Grand Teton, Wyoming's stunning mountain.",Grand Teton
"McKinley, Alaska's pride and glory.",McKinley
"Logan, Canada's towering summit.",Logan
"Mauna Kea, Hawaii's sacred volcanic peak.",Mauna Kea
"Etna, Europe's fiery stratovolcano.",Etna
"Hood, iconic peak in the Cascades.",Hood
St. Helens erupted catastrophically in 1980.,St. Helens
"Vesuvius, known for AD 79 eruption.",Vesuvius
"Shasta, California's spiritual landmark.",Shasta
"Cook, New Zealand's crown jewel.",Cook
Denali rises above Alaska's wilderness.,Denali
Kilimanjaro towers in Tanzanian landscapes.,Kilimanjaro
Matterhorn's silhouette adorns the Alps.,Matterhorn
Pikes Peak offers breathtaking Colorado views.,Pikes Peak
Fuji symbolizes Japan's natural beauty.,Fuji
"Aconcagua, a formidable giant in the Andes.",Aconcagua
Elbrus stands tall in the Caucasus region.,Elbrus
Andes showcase the grandeur of Aconcagua.,Aconcagua
Rainier's glaciers define Washington's beauty.,Rainier
"Mont Blanc, a jewel in the heart of the Alps.",Mont Blanc
"K2, a towering peak in the Himalaya.",K2
Whitney dominates the Sierra Nevada skyline.,Whitney
"Olympus, a mythical summit in Grecian tales.",Olympus
"Grand Teton, Wyoming's stunning natural monument.",Grand Teton
"McKinley, Alaska's proud sentinel.",McKinley
"Logan, a massive presence in the Yukon.",Logan
"Mauna Kea, a sacred summit in Hawaii.",Mauna Kea
"Etna, Europe's fiery guardian.",Etna
"Hood, an iconic peak in Oregon's landscape.",Hood
St. Helens erupted with force in 1980.,St. Helens
"Vesuvius, notorious for its ancient eruption.",Vesuvius
"Shasta, a spiritual pinnacle in California.",Shasta
"Cook, New Zealand's highest gem.",Cook
"Logan, part of the majestic St. Elias chain.",Logan
"Elbert, Colorado's loftiest point.",Elbert
"Denali, officially known as McKinley.",Denali
"Everest, Earth's highest elevation.",Everest
"Kilimanjaro, Africa's towering pinnacle.",Kilimanjaro
"Matterhorn, an alpine masterpiece.",Matterhorn
"Pikes Peak, a prominent Colorado landmark.",Pikes Peak
"Fuji, an iconic symbol of Japan's beauty.",Fuji
"Aconcagua, conquering the Andes with grace.",Aconcagua
"Elbrus, Europe's lofty summit.",Elbrus
The Andes reveal the splendor of Aconcagua.,Aconcagua
"Rainier, a natural wonder in Washington.",Rainier
"Mont Blanc, an alpine jewel.",Mont Blanc
"K2, a formidable peak in the Himalayan range.",K2
"Whitney, dominating the Sierra Nevada skyline.",Whitney
"Olympus, a mythical Greek summit.",Olympus
"Grand Teton, Wyoming's captivating pinnacle.",Grand Teton
"McKinley, Alaska's pride and joy.",McKinley
"Logan, a massive Yukon sentinel.",Logan
"Mauna Kea, a sacred Hawaiian landmark.",Mauna Kea
"Etna, Europe's most active stratovolcano.",Etna
"Hood, an iconic peak in the Cascades.",Hood
"St. Helens, remembered for its 1980 eruption.",St. Helens
"Logan, part of majestic St. Elias Range.",Logan
"Elbert, Colorado's highest summit.",Elbert
"Denali, officially McKinley's name.",Denali
"Everest, world's towering summit.",Everest
"Kilimanjaro, Africa's majestic peak.",Kilimanjaro
"Matterhorn, Alpine beauty in Switzerland.",Matterhorn
"Pikes Peak, Colorado's famous landmark.",Pikes Peak
"Fuji, Japan's serene volcanic symbol.",Fuji
"Aconcagua, South America's highest ascent.",Aconcagua
"Elbrus, Europe's towering mountain.",Elbrus
Andes showcase Aconcagua's grandeur.,Aconcagua
"Rainier, Washington's volcanic beauty.",Rainier
"Alps, featuring Mont Blanc's splendor.",Mont Blanc
"Himalaya, home to K2's challenging ascent.",K2
"Whitney, USA's highest Sierra summit.",Whitney
"Olympus, mythical peak in Greece.",Olympus
"Grand Teton, Wyoming's stunning mountain.",Grand Teton
"McKinley, Alaska's pride and glory.",McKinley
"Logan, Canada's towering summit.",Logan
"Mauna Kea, Hawaii's sacred volcanic peak.",Mauna Kea
"Etna, Europe's fiery stratovolcano.",Etna
"Hood, iconic peak in the Cascades.",Hood
St. Helens erupted catastrophically in 1980.,St. Helens
"Vesuvius, known for AD 79 eruption.",Vesuvius
"Shasta, California's spiritual landmark.",Shasta
"Denali, North America's towering summit.",Denali
"Kangchenjunga, India's majestic peak.",Kangchenjunga
"Elbrus, Europe's towering mountain.",Elbrus
"Rainier, Washington's volcanic beauty.",Rainier
"Matterhorn, Swiss Alps' iconic peak.",Matterhorn
"Elbert, Colorado's lofty summit.",Elbert
"McKinley, Alaska's pride and joy.",McKinley
"Kilimanjaro, Africa's majestic beauty.",Kilimanjaro
"Logan, Canada's towering mountain.",Logan
"Hood, Oregon's iconic volcanic peak.",Hood
"Shasta, California's spiritual landmark.",Shasta
"Olympus, Greece's mythical summit.",Olympus
"Vesuvius, Italy's famous volcanic peak.",Vesuvius
"St. Helens, Washington's volcanic history.",St. Helens
"Cook, New Zealand's highest crown jewel.",Cook
"Mauna Kea, Hawaii's sacred volcanic peak.",Mauna Kea
"Etna, Europe's fiery stratovolcano.",Etna
"Grand Teton, Wyoming's stunning mountain.",Grand Teton
"Aoraki, New Zealand's towering beauty.",Aoraki
"Matterhorn, Alpine beauty in Switzerland.",Matterhorn
"Pikes Peak, Colorado's famous landmark.",Pikes Peak
"Fuji, Japan's serene volcanic symbol.",Fuji
"Aconcagua, South America's highest ascent.",Aconcagua
"Elbrus, Europe's towering mountain.",Elbrus
Andes showcase Aconcagua's grandeur.,Aconcagua
"Rainier, Washington's volcanic beauty.",Rainier
"Alps, featuring Mont Blanc's splendor.",Mont Blanc
"Himalaya, home to K2's challenging ascent.",K2
"Whitney, USA's highest Sierra summit.",Whitney
"Olympus, mythical peak in Greece.",Olympus
"Grand Teton, Wyoming's stunning mountain.",Grand Teton
"McKinley, Alaska's pride and glory.",McKinley
"Logan, Canada's towering summit.",Logan
"Mauna Kea, Hawaii's sacred volcanic peak.",Mauna Kea
"Etna, Europe's fiery stratovolcano.",Etna
"Hood, iconic peak in the Cascades.",Hood
St. Helens erupted catastrophically in 1980.,St. Helens
"Vesuvius, known for AD 79 eruption.",Vesuvius
"Shasta, California's spiritual landmark.",Shasta
"Cook, New Zealand's crown jewel.",Cook
"Logan, part of majestic St. Elias Range.",Logan
"Elbert, Colorado's highest summit.",Elbert
"Denali, officially McKinley's name.",Denali
"Kilimanjaro, Africa's majestic peak.",Kilimanjaro
"Matterhorn, Alpine beauty in Switzerland.",Matterhorn
"Pikes Peak, Colorado's famous landmark.",Pikes Peak
"Fuji, Japan's serene volcanic symbol.",Fuji
"Aconcagua, South America's highest ascent.",Aconcagua
"Elbrus, Europe's towering mountain.",Elbrus
Alaska boasts the towering Denali.,Denali
Kilimanjaro rises above Tanzanian plains.,Kilimanjaro
Matterhorn's silhouette dominates Alpine landscapes.,Matterhorn
Pikes Peak provides awe-inspiring panoramas.,Pikes Peak
"Fuji, a symbol of Japan's majesty.",Fuji
Aconcagua challenges adventurers in the Andes.,Aconcagua
Elbrus stands tall in the Caucasus region.,Elbrus
Andes showcase the grandeur of Aconcagua.,Aconcagua
Rainier's glaciers glisten in Washington.,Rainier
"Mont Blanc, a gem in the heart of the Alps.",Mont Blanc
"K2, a Himalayan giant beckoning climbers.",K2
Whitney dominates the Sierra Nevada skyline.,Whitney
"Olympus, a mythical peak in Grecian tales.",Olympus
"Grand Teton, Wyoming's stunning natural monument.",Grand Teton
"McKinley, Alaska's proud sentinel.",McKinley
"Logan, a massive presence in the Yukon.",Logan
"Mauna Kea, a sacred summit in Hawaii.",Mauna Kea
"Etna, Europe's fiery guardian.",Etna
"Hood, an iconic peak in Oregon's landscape.",Hood
St. Helens erupted with force in 1980.,St. Helens
"Vesuvius, notorious for its ancient eruption.",Vesuvius
"Shasta, a spiritual pinnacle in California.",Shasta
"Cook, New Zealand's highest gem.",Cook
"Logan, part of the majestic St. Elias chain.",Logan
Alaska's Denali commands attention.,Denali
Kilimanjaro looms over Tanzanian landscapes.,Kilimanjaro
The iconic Matterhorn graces Alpine vistas.,Matterhorn
Pikes Peak showcases Colorado's beauty.,Pikes Peak
"Fuji, symbolizing Japan's natural elegance.",Fuji
"Aconcagua, a formidable peak in the Andes.",Aconcagua
Elbrus stands tall in the Caucasus region.,Elbrus
The Andes highlight the grandeur of Aconcagua.,Aconcagua
Rainier's glaciers define Washington's landscape.,Rainier
"Mont Blanc, a gem in the heart of the Alps.",Mont Blanc
"K2, a towering giant in the Himalaya.",K2
Whitney dominates the Sierra Nevada skyline.,Whitney
"Olympus, a mythical peak in Grecian tales.",Olympus
"Grand Teton, Wyoming's stunning natural monument.",Grand Teton
"McKinley, Alaska's proud sentinel.",McKinley
"Logan, a massive presence in the Yukon.",Logan
"Mauna Kea, a sacred summit in Hawaii.",Mauna Kea
"Etna, Europe's fiery guardian.",Etna
"Hood, an iconic peak in Oregon's landscape.",Hood
St. Helens erupted with force in 1980.,St. Helens
"Vesuvius, notorious for its ancient eruption.",Vesuvius
"Shasta, a spiritual pinnacle in California.",Shasta
"Cook, New Zealand's highest gem.",Cook
"Logan, part of the majestic St. Elias chain.",Logan
"Elbert, Colorado's loftiest point.",Elbert
"Denali, officially known as McKinley.",Denali
"Everest, Earth's highest elevation.",Everest
"Kilimanjaro, Africa's towering pinnacle.",Kilimanjaro
"Matterhorn, an alpine masterpiece.",Matterhorn
"Pikes Peak, a prominent Colorado landmark.",Pikes Peak
"Fuji, an iconic symbol of Japan's beauty.",Fuji
"Aconcagua, conquering the Andes with grace.",Aconcagua
"Elbrus, Europe's lofty summit.",Elbrus
The Andes reveal the splendor of Aconcagua.,Aconcagua
"Rainier, a natural wonder in Washington.",Rainier
"Mont Blanc, an alpine jewel.",Mont Blanc
"K2, a formidable peak in the Himalayan range.",K2
"Whitney, dominating the Sierra Nevada skyline.",Whitney
"Olympus, a mythical Greek summit.",Olympus
"Grand Teton, Wyoming's captivating pinnacle.",Grand Teton
"McKinley, Alaska's pride and joy.",McKinley
"Logan, a massive Yukon sentinel.",Logan
"Mauna Kea, a sacred Hawaiian landmark.",Mauna Kea
"Etna, Europe's most active stratovolcano.",Etna
"Hood, an iconic peak in the Cascades.",Hood
"St. Helens, remembered for its 1980 eruption.",St. Helens
"Vesuvius, infamous for its destruction in AD 79.",Vesuvius
"Shasta, a spiritual and scenic California summit.",Shasta
"Cook, the crown jewel of New Zealand's Southern Alps.",Cook
"Logan, part of the majestic St. Elias mountain range.",Logan
"Elbert, the highest peak in Colorado's Rocky Mountains.",Elbert
"Elbert, Colorado's loftiest point.",Elbert
"Denali, officially known as McKinley.",Denali
"Everest, Earth's highest elevation.",Everest
"Kilimanjaro, Africa's towering pinnacle.",Kilimanjaro
"Matterhorn, an alpine masterpiece.",Matterhorn
"Pikes Peak, a prominent Colorado landmark.",Pikes Peak
"Fuji, an iconic symbol of Japan's beauty.",Fuji
"Aconcagua, conquering the Andes with grace.",Aconcagua
"Elbrus, Europe's lofty summit.",Elbrus
"Andes, revealing the splendor of Aconcagua.",Aconcagua
"Rainier, a natural wonder in Washington.",Rainier
"Mont Blanc, an alpine jewel.",Mont Blanc
"K2, a formidable peak in the Himalayan range.",K2
"Whitney, dominating the Sierra Nevada skyline.",Whitney
"Olympus, a mythical Greek summit.",Olympus
"Grand Teton, Wyoming's captivating pinnacle.",Grand Teton
"McKinley, Alaska's pride and joy.",McKinley
"Logan, a massive Yukon sentinel.",Logan
"Mauna Kea, a sacred Hawaiian landmark.",Mauna Kea
"Etna, Europe's most active stratovolcano.",Etna
"Hood, an iconic peak in the Cascades.",Hood
"St. Helens, remembered for its 1980 eruption.",St. Helens
"Vesuvius, infamous for its destruction in AD 79.",Vesuvius
"Shasta, a spiritual and scenic California summit.",Shasta
"Cook, the crown jewel of New Zealand's Southern Alps.",Cook
"Logan, part of the majestic St. Elias mountain range.",Logan
"Elbert, the highest peak in Colorado's Rocky Mountains.",Elbert
Andes showcase Aconcagua's grandeur.,Aconcagua
"Rainier, Washington's volcanic beauty.",Rainier
"Alps, featuring Mont Blanc's splendor.",Mont Blanc
"Himalaya, home to K2's challenging ascent.",K2
"Whitney, USA's highest Sierra summit.",Whitney
"Olympus, mythical peak in Greece.",Olympus
"Grand Teton, Wyoming's stunning mountain.",Grand Teton
"McKinley, Alaska's pride and glory.",McKinley
"Logan, Canada's towering summit.",Logan
"Mauna Kea, Hawaii's sacred volcanic peak.",Mauna Kea
"Etna, Europe's fiery stratovolcano.",Etna
"Hood, iconic peak in the Cascades.",Hood
St. Helens erupted catastrophically in 1980.,St. Helens
"Vesuvius, known for AD 79 eruption.",Vesuvius
"Shasta, California's spiritual landmark.",Shasta
"Everest, world's towering summit.",Everest
"Kilimanjaro, Africa's majestic peak.",Kilimanjaro
"Matterhorn, Alpine beauty in Switzerland.",Matterhorn
"Pikes Peak, Colorado's famous landmark.",Pikes Peak
"Fuji, Japan's serene volcanic symbol.",Fuji
"Aconcagua, South America's highest ascent.",Aconcagua
"Elbrus, Europe's towering mountain.",Elbrus
Andes showcase Aconcagua's grandeur.,Aconcagua
"Rainier, Washington's volcanic beauty.",Rainier
"Alps, featuring Mont Blanc's splendor.",Mont Blanc
"Himalaya, home to K2's challenging ascent.",K2
"Whitney, USA's highest Sierra summit.",Whitney
"Olympus, mythical peak in Greece.",Olympus
"Grand Teton, Wyoming's stunning mountain.",Grand Teton
"McKinley, Alaska's pride and glory.",McKinley
"Logan, Canada's towering summit.",Logan
"Mauna Kea, Hawaii's sacred volcanic peak.",Mauna Kea
"Etna, Europe's fiery stratovolcano.",Etna
"Hood, iconic peak in the Cascades.",Hood
St. Helens erupted catastrophically in 1980.,St. Helens
"Vesuvius, known for AD 79 eruption.",Vesuvius
"Shasta, California's spiritual landmark.",Shasta
"Cook, New Zealand's crown jewel.",Cook
"Logan, part of majestic St. Elias Range.",Logan
"Elbert, Colorado's highest summit.",Elbert
"Logan, part of majestic St. Elias Range.",Logan
"Elbert, Colorado's towering peak.",Elbert
"Pikes Peak, iconic Colorado landmark.",Pikes Peak
"Fuji, iconic symbol of Japan.",Fuji
"Aconcagua, challenging Andes peak.",Aconcagua
"Elbrus, Europe's highest.",Elbrus
"Andes, home to majestic Aconcagua.",Aconcagua
"Denali, North America's towering summit.",Denali
"Kilimanjaro, Africa's iconic volcanic peak.",Kilimanjaro
"Matterhorn, Alpine beauty in Switzerland.",Matterhorn
"Pikes Peak, Colorado's famous landmark.",Pikes Peak
"Fuji, Japan's serene volcanic symbol.",Fuji
"Aconcagua, South America's highest ascent.",Aconcagua
"Elbrus, Europe's towering mountain.",Elbrus
Andes showcase Aconcagua's grandeur.,Aconcagua
"Rainier, Washington's volcanic beauty.",Rainier
"Alps, featuring Mont Blanc's splendor.",Mont Blanc
"Himalaya, home to K2's challenging ascent.",K2
"Whitney, USA's highest Sierra summit.",Whitney
"Olympus, mythical peak in Greece.",Olympus
"Grand Teton, Wyoming's stunning mountain.",Grand Teton
"McKinley, Alaska's pride and glory.",McKinley
"Logan, Canada's towering summit.",Logan
"Mauna Kea, Hawaii's sacred volcanic peak.",Mauna Kea
"Denali, North America's towering summit.",Denali
"Kilimanjaro, Africa's iconic volcanic peak.",Kilimanjaro
"Matterhorn, Alpine beauty in Switzerland.",Matterhorn
"Pikes Peak, Colorado's famous landmark.",Pikes Peak
"Fuji, Japan's serene volcanic symbol.",Fuji
"Aconcagua, South America's highest ascent.",Aconcagua
"Elbrus, Europe's towering mountain.",Elbrus
Andes showcase Aconcagua's grandeur.,Aconcagua
"Rainier, Washington's volcanic beauty.",Rainier
"Alps, featuring Mont Blanc's splendor.",Mont Blanc
"Himalaya, home to K2's challenging ascent.",K2
"Whitney, USA's highest Sierra summit.",Whitney
"Olympus, mythical peak in Greece.",Olympus
"Grand Teton, Wyoming's stunning mountain.",Grand Teton
"McKinley, Alaska's pride and glory.",McKinley
"Logan, Canada's towering summit.",Logan
"Mauna Kea, Hawaii's sacred volcanic peak.",Mauna Kea
"Denali, Alaska's towering summit.",Denali
"Kilimanjaro, Africa's highest peak.",Kilimanjaro
"Matterhorn, iconic Alpine landmark.",Matterhorn
"Pikes Peak, Colorado's scenic pinnacle.",Pikes Peak
"Fuji, Japan's sacred volcanic marvel.",Fuji
"Aconcagua, South America's pride.",Aconcagua
"Elbrus, Europe's towering elevation.",Elbrus
"Andes, showcasing majestic Aconcagua.",Aconcagua
"Rainier, Washington's iconic stratovolcano.",Rainier
"Alps, featuring stunning Mont Blanc.",Mont Blanc
"Himalaya, home to formidable K2.",K2
"Whitney, Sierra Nevada's pride.",Whitney
"Olympus, mythical Greek summit.",Olympus
"Grand Teton, striking Wyoming mountain.",Grand Teton
"McKinley, Alaska's towering pride.",McKinley
"Logan, Canada's highest summit.",Logan
"Mauna Kea, Hawaii's sacred volcano.",Mauna Kea
"Etna, Europe's active stratovolcano.",Etna
"Hood, iconic peak in the Cascades.",Hood
St. Helens erupted catastrophically in 1980.,St. Helens
"Vesuvius, known for AD 79 destruction.",Vesuvius
"Shasta, spiritual California landmark.",Shasta
"Cook, New Zealand's crown jewel.",Cook
"Logan, part of majestic St. Elias Range.",Logan
"Elbert, highest peak in the Rockies.",Elbert
"Denali, officially McKinley.",Denali
"Everest, world's highest peak.",Everest
"Kilimanjaro, Africa's tallest.",Kilimanjaro
"Matterhorn, iconic Alpine peak.",Matterhorn
"Pikes Peak, iconic Colorado pinnacle.",Pikes Peak
"Fuji, iconic symbol of Japan.",Fuji
"Aconcagua, challenging Andes summit.",Aconcagua
"Elbrus, Europe's highest elevation.",Elbrus
"Andes, home to majestic Aconcagua.",Aconcagua
"Rainier, Washington's iconic stratovolcano.",Rainier
"Alps, featuring stunning Mont Blanc.",Mont Blanc
"Himalaya, home to formidable K2.",K2
"Whitney, Sierra Nevada's pride.",Whitney
"Olympus, mythical Greek summit.",Olympus
"Grand Teton, striking Wyoming mountain.",Grand Teton
"McKinley, Alaska's towering pride.",McKinley
"Logan, Canada's highest summit.",Logan
"Mauna Kea, Hawaii's sacred volcano.",Mauna Kea
"Etna, Europe's active stratovolcano.",Etna
"Hood, iconic peak in the Cascades.",Hood
St. Helens erupted catastrophically in 1980.,St. Helens
"Vesuvius, known for AD 79 destruction.",Vesuvius
"Shasta, spiritual California landmark.",Shasta
"Cook, New Zealand's crown jewel.",Cook
"Logan, part of majestic St. Elias Range.",Logan
"Elbert, highest peak in the Rockies.",Elbert
"Etna, Europe's fiery stratovolcano.",Etna
"Hood, iconic peak in the Cascades.",Hood
St. Helens erupted catastrophically in 1980.,St. Helens
"Vesuvius, known for AD 79 eruption.",Vesuvius
"Shasta, California's spiritual landmark.",Shasta
"Cook, New Zealand's crown jewel.",Cook
"Logan, part of majestic St. Elias Range.",Logan
"Elbert, Colorado's highest summit.",Elbert
"Denali, towering peak in Alaska.",Denali
"Kilimanjaro, Africa's highest summit.",Kilimanjaro
"Matterhorn, iconic Alpine landmark.",Matterhorn
"Pikes Peak, Colorado's scenic pinnacle.",Pikes Peak
"Fuji, Japan's sacred volcanic marvel.",Fuji
"Aconcagua, South America's pride.",Aconcagua
"Elbrus, Europe's towering elevation.",Elbrus
"Andes, showcasing majestic Aconcagua.",Aconcagua
"Rainier, Washington's iconic stratovolcano.",Rainier
Denali is North America's tallest.,Denali
Kilimanjaro towers over Tanzania.,Kilimanjaro
Matterhorn stands tall in the Alps.,Matterhorn
Pikes Peak offers breathtaking views.,Pikes Peak
Fuji is Japan's highest elevation.,Fuji
Aconcagua reigns over South America.,Aconcagua
Elbrus is the Caucasus region's pride.,Elbrus
Andes boast the grandeur of Aconcagua.,Aconcagua
Rainier is a stratovolcano in Washington.,Rainier
Alps feature the majestic Mont Blanc.,Mont Blanc
Himalaya boasts the formidable K2.,K2
Whitney is the highest in contiguous USA.,Whitney
Olympus is a famous Greek elevation.,Olympus
Grand Teton is part of the Teton Range.,Grand Teton
McKinley is the pride of North America.,McKinley
Logan is Canada's towering peak.,Logan
Mauna Kea is a dormant volcano in Hawaii.,Mauna Kea
Etna is Europe's most active volcano.,Etna
Hood is a prominent Oregon landmark.,Hood
St. Helens erupted in 1980.,St. Helens
Vesuvius is known for its eruption.,Vesuvius
Shasta is a majestic California peak.,Shasta
Cook is the highest in New Zealand.,Cook
Logan is part of the St. Elias Range.,Logan
Elbert is Colorado's highest summit.,Elbert
Denali is now officially McKinley.,Denali
Everest is the world's highest elevation.,Everest
Kilimanjaro is Africa's tallest peak.,Kilimanjaro
Matterhorn is one of the most famous elevations.,Matterhorn
Pikes Peak is a popular Colorado destination.,Pikes Peak
Fuji is an iconic symbol of Japan.,Fuji
Aconcagua is a challenging elevation in the Andes.,Aconcagua
Elbrus is the highest in Europe.,Elbrus
"Alps, featuring stunning Mont Blanc.",Mont Blanc
"Himalaya, home to formidable K2.",K2
"Whitney, Sierra Nevada's pride.",Whitney
"Olympus, mythical Greek summit.",Olympus
"Grand Teton, striking Wyoming mountain.",Grand Teton
"McKinley, Alaska's towering pride.",McKinley
"Logan, Canada's highest summit.",Logan
"Mauna Kea, Hawaii's sacred volcano.",Mauna Kea
"Etna, Europe's active stratovolcano.",Etna
"Hood, iconic peak in the Cascades.",Hood
St. Helens erupted catastrophically in 1980.,St. Helens
"Vesuvius, known for AD 79 destruction.",Vesuvius
"Shasta, spiritual California landmark.",Shasta
"Cook, New Zealand's crown jewel.",Cook
"Logan, part of majestic St. Elias Range.",Logan
"Elbert, highest peak in the Rockies.",Elbert
"Denali, officially McKinley.",Denali
"Denali, Alaska's peak, stands tall.",Denali
"Kilimanjaro, Africa's lofty summit.",Kilimanjaro
"Matterhorn, Alpine icon, captivates eyes.",Matterhorn
"Pikes Peak, Colorado's pinnacle, beckons hikers.",Pikes Peak
"Fuji, Japan's symbol, graces landscapes.",Fuji
"Aconcagua, South America's pride, challenges climbers.",Aconcagua
"Elbrus, Europe's summit, embraces the sky.",Elbrus
"Andes, home to Aconcagua, showcase grandeur.",Aconcagua
"Rainier, Washington's stratovolcano, looms impressively.",Rainier
"Alps, featuring Mont Blanc, allure adventure-seekers.",Mont Blanc
"Himalaya, guarding K2, intimidates with majesty.",K2
"Whitney, Sierra Nevada's pride, invites exploration.",Whitney
"Olympus, Greek summit, inspires myths and legends.",Olympus
"Grand Teton, Wyoming's pride, dominates the horizon.",Grand Teton
"McKinley, Alaska's giant, awes with vastness.",McKinley
"Logan, Canada's peak, commands respect.",Logan
"Mauna Kea, Hawaii's guardian, touches the heavens.",Mauna Kea
"Etna, Europe's fiery peak, captivates with eruptions.",Etna
"Hood, Oregon's gem, invites adventure seekers.",Hood
"St. Helens erupted in 1980, reshaping landscapes.",St. Helens
"Vesuvius, known for AD 79 destruction, looms ominously.",Vesuvius
"Shasta, California's landmark, beckons spiritual seekers.",Shasta
"Cook, New Zealand's pride, graces Southern skies.",Cook
"Logan, part of St. Elias Range, commands attention.",Logan
"Elbert, Colorado's highest, stands majestic and proud.",Elbert
"Denali, officially McKinley, embraces dual identity.",Denali
"Everest, world's highest, challenges human limits.",Everest
"Kilimanjaro, Africa's tallest, invites climbers to conquer.",Kilimanjaro
"Matterhorn, iconic Alpine, attracts adventurers worldwide.",Matterhorn
"Pikes Peak, iconic Colorado, offers breathtaking vistas.",Pikes Peak
"Fuji, iconic symbol of Japan, reflects cultural significance.",Fuji
"Aconcagua, challenging Andes, tests climbers' resilience.",Aconcagua
"Elbrus, Europe's highest, boasts historical and natural richness.",Elbrus
"Andes, home to majestic Aconcagua, showcase diverse landscapes.",Aconcagua
"Rainier, Washington's stratovolcano, attracts mountaineers worldwide.",Rainier
"Alps, featuring stunning Mont Blanc, enchant nature enthusiasts.",Mont Blanc
"Himalaya, home to formidable K2, challenges experienced climbers.",K2
"Whitney, Sierra Nevada's pride, rewards hikers with panoramic views.",Whitney
"Olympus, mythical Greek summit, resonates with ancient tales.",Olympus
"Grand Teton, striking Wyoming mountain, offers iconic alpine scenery.",Grand Teton
"McKinley, pride of Alaska, symbolizes the Last Frontier's grandeur.",McKinley
"Logan, massive Yukon summit, challenges adventurers with rugged terrain.",Logan
"Everest, world's highest peak.",Everest
"Kilimanjaro, Africa's tallest.",Kilimanjaro
"Matterhorn, iconic Alpine peak.",Matterhorn
"Pikes Peak, iconic Colorado pinnacle.",Pikes Peak
"Fuji, iconic symbol of Japan.",Fuji
"Aconcagua, challenging Andes summit.",Aconcagua
"Elbrus, Europe's highest elevation.",Elbrus
"Andes, home to majestic Aconcagua.",Aconcagua
"Rainier, Washington's iconic stratovolcano.",Rainier
"Alps, featuring stunning Mont Blanc.",Mont Blanc
"Himalaya, home to formidable K2.",K2
"Whitney, Sierra Nevada's pride.",Whitney
"Olympus, mythical Greek summit.",Olympus
"Grand Teton, striking Wyoming mountain.",Grand Teton
"McKinley, Alaska's towering pride.",McKinley
"Logan, Canada's highest summit.",Logan
"Mauna Kea, Hawaii's sacred volcano.",Mauna Kea
"Etna, Europe's active stratovolcano.",Etna
"Hood, iconic peak in the Cascades.",Hood
St. Helens erupted catastrophically in 1980.,St. Helens
"Vesuvius, known for AD 79 destruction.",Vesuvius
"Shasta, spiritual California landmark.",Shasta
"Cook, New Zealand's crown jewel.",Cook
"Logan, part of majestic St. Elias Range.",Logan
"Elbert, highest peak in the Rockies.",Elbert
"Denali, officially McKinley's name.",Denali
"Everest, world's towering summit.",Everest
"Kilimanjaro, Africa's majestic peak.",Kilimanjaro
"Matterhorn, Alpine beauty in Switzerland.",Matterhorn
"Pikes Peak, Colorado's famous landmark.",Pikes Peak
"Fuji, Japan's serene volcanic symbol.",Fuji
"Aconcagua, South America's highest ascent.",Aconcagua
"Elbrus, Europe's towering mountain.",Elbrus
Andes showcase Aconcagua's grandeur.,Aconcagua
"Rainier, Washington's volcanic beauty.",Rainier
"Alps, featuring Mont Blanc's splendor.",Mont Blanc
"Himalaya, home to K2's challenging ascent.",K2
"Whitney, USA's highest Sierra summit.",Whitney
"Olympus, mythical peak in Greece.",Olympus
"Grand Teton, Wyoming's stunning mountain.",Grand Teton
"McKinley, Alaska's pride and glory.",McKinley
"Logan, Canada's towering summit.",Logan
"Mauna Kea, Hawaii's sacred volcanic peak.",Mauna Kea
"Etna, Europe's fiery stratovolcano.",Etna
"Hood, iconic peak in the Cascades.",Hood
St. Helens erupted catastrophically in 1980.,St. Helens
"Vesuvius, known for AD 79 eruption.",Vesuvius
"Shasta, California's spiritual landmark.",Shasta
"Cook, New Zealand's crown jewel.",Cook
"Logan, part of majestic St. Elias Range.",Logan
"Elbert, Colorado's highest summit.",Elbert
"Etna, Europe's fiery stratovolcano.",Etna
"Hood, iconic peak in the Cascades.",Hood
St. Helens erupted catastrophically in 1980.,St. Helens
"Vesuvius, known for AD 79 eruption.",Vesuvius
"Shasta, California's spiritual landmark.",Shasta
"Cook, New Zealand's crown jewel.",Cook
"Logan, part of majestic St. Elias Range.",Logan
"Elbert, Colorado's highest summit.",Elbert
"Denali, officially McKinley's name.",Denali
"Everest, world's towering summit.",Everest
"Kilimanjaro, Africa's majestic peak.",Kilimanjaro
"Matterhorn, Alpine beauty in Switzerland.",Matterhorn
"Pikes Peak, Colorado's famous landmark.",Pikes Peak
"Fuji, Japan's serene volcanic symbol.",Fuji
"Aconcagua, South America's highest ascent.",Aconcagua
"Elbrus, Europe's towering mountain.",Elbrus
Andes showcase Aconcagua's grandeur.,Aconcagua
"Rainier, Washington's volcanic beauty.",Rainier
"Alps, featuring Mont Blanc's splendor.",Mont Blanc
"Himalaya, home to K2's challenging ascent.",K2
"Whitney, USA's highest Sierra summit.",Whitney
"Olympus, mythical peak in Greece.",Olympus
"Grand Teton, Wyoming's stunning mountain.",Grand Teton
"McKinley, Alaska's pride and glory.",McKinley
"Logan, Canada's towering summit.",Logan
"Mauna Kea, Hawaii's sacred volcanic peak.",Mauna Kea
"Etna, Europe's fiery stratovolcano.",Etna
"Hood, iconic peak in the Cascades.",Hood
St. Helens erupted catastrophically in 1980.,St. Helens
"Vesuvius, known for AD 79 eruption.",Vesuvius
"Shasta, California's spiritual landmark.",Shasta
"Cook, New Zealand's crown jewel.",Cook
"Logan, part of majestic St. Elias Range.",Logan
"Elbert, Colorado's highest summit.",Elbert
"Rainier, Washington's stratovolcano.",Rainier
"Alps, stunning Mont Blanc.",Mont Blanc
"Himalaya, home to formidable K2.",K2
"Whitney, Sierra Nevada's pride.",Whitney
"Olympus, mythical Greek peak.",Olympus
"Grand Teton, striking Wyoming mountain.",Grand Teton
"McKinley, pride of Alaska.",McKinley
"Logan, massive Yukon summit.",Logan
"Mauna Kea, sacred Hawaiian volcano.",Mauna Kea
"Etna, Europe's active stratovolcano.",Etna
"Hood, iconic peak in the Cascades.",Hood
St. Helens erupted catastrophically in 1980.,St. Helens
"Vesuvius, known for AD 79 destruction.",Vesuvius
Denali towers majestically in Alaska.,Denali
Kilimanjaro is Africa's rooftop.,Kilimanjaro
Matterhorn captivates with its iconic shape.,Matterhorn
Pikes Peak boasts panoramic vistas.,Pikes Peak
Fuji's silhouette dominates Japanese landscapes.,Fuji
Aconcagua challenges climbers in the Andes.,Aconcagua
Elbrus stands proudly in the Caucasus.,Elbrus
Andes showcase the grandeur of Aconcagua.,Aconcagua
Rainier's glaciers are a Washington wonder.,Rainier
Mont Blanc's beauty graces the Alps.,Mont Blanc
K2 is a formidable peak in the Himalaya.,K2
Whitney towers in the Sierra Nevada.,Whitney
"Olympus, a mythical peak in Greece.",Olympus
Grand Teton's splendor in Wyoming.,Grand Teton
"McKinley, Alaska's towering pride.",McKinley
"Logan, a massive summit in the Yukon.",Logan
"Mauna Kea, sacred Hawaiian volcano.",Mauna Kea
"Etna, Europe's fiery stratovolcano.",Etna
"Hood, an iconic peak in Oregon.",Hood
St. Helens erupted in the 1980s.,St. Helens
"Vesuvius, known for ancient destruction.",Vesuvius
"Shasta, a spiritual landmark in California.",Shasta
"Cook, New Zealand's scenic crown.",Cook
"Logan, part of the majestic St. Elias Range.",Logan
"Elbert, the highest in the Rockies.",Elbert
"Denali, officially recognized as McKinley.",Denali
"Everest, Earth's loftiest elevation.",Everest
"Kilimanjaro, Africa's highest peak.",Kilimanjaro
"Matterhorn, an alpine legend.",Matterhorn
"Pikes Peak, a Colorado landmark.",Pikes Peak
"Fuji, an iconic symbol of Japan.",Fuji
"Aconcagua, conquering the Andes.",Aconcagua
"Elbrus, Europe's highest point.",Elbrus
"Andes, showcasing the beauty of Aconcagua.",Aconcagua
"Rainier, Washington's picturesque giant.",Rainier
"Mont Blanc, a stunning peak in the Alps.",Mont Blanc
"K2, a Himalayan challenge.",K2
"Whitney, towering in the Sierra Nevada.",Whitney
"Olympus, a mythical summit in Greece.",Olympus
"Grand Teton, Wyoming's captivating peak.",Grand Teton
"McKinley, Alaska's pride and joy.",McKinley
"Logan, a massive summit in the Yukon territory.",Logan
"Mauna Kea, a sacred Hawaiian landmark.",Mauna Kea
"Etna, Europe's most active stratovolcano.",Etna
"Hood, an iconic peak in the Cascades.",Hood
"St. Helens, known for a catastrophic eruption in 1980.",St. Helens
"Vesuvius, infamous for its destruction in AD 79.",Vesuvius
"Shasta, a spiritual and scenic California peak.",Shasta
"Cook, the crown jewel of New Zealand's Southern Alps.",Cook
"Logan, part of the majestic St. Elias mountain range.",Logan
"Elbert, the highest summit in Colorado's Rocky Mountains.",Elbert
Denali dominates the Alaskan landscape.,Denali
Kilimanjaro is Africa's towering summit.,Kilimanjaro
Matterhorn is a majestic peak in the Alps.,Matterhorn
Pikes Peak offers panoramic views in Colorado.,Pikes Peak
Fuji is an iconic symbol of Japanese landscapes.,Fuji
Aconcagua is the highest in the Andes.,Aconcagua
Elbrus stands tall in the Caucasus region.,Elbrus
Andes showcase the grandeur of Aconcagua.,Aconcagua
Rainier is a stratovolcano in Washington state.,Rainier
Alps boast the stunning beauty of Mont Blanc.,Mont Blanc
Himalaya is home to the challenging K2.,K2
Whitney is the highest peak in the USA.,Whitney
Olympus is a mythical Greek summit.,Olympus
Grand Teton is part of the Teton Range.,Grand Teton
McKinley is the pride of the Alaskan wilderness.,McKinley
Logan is Canada's towering mountain.,Logan
Mauna Kea is a dormant volcano in Hawaii.,Mauna Kea
Etna is Europe's most active volcanic peak.,Etna
Hood is a prominent landmark in Oregon.,Hood
St. Helens erupted catastrophically in 1980.,St. Helens
Vesuvius is known for its historic eruption.,Vesuvius
Shasta is a spiritual landmark in California.,Shasta
Cook is the highest in New Zealand.,Cook
Logan is part of the majestic St. Elias Range.,Logan
Elbert is Colorado's highest summit.,Elbert
Alaska's Denali commands attention.,Denali
Kilimanjaro looms over Tanzanian landscapes.,Kilimanjaro
Matterhorn's silhouette graces Alpine vistas.,Matterhorn
Pikes Peak offers stunning Colorado views.,Pikes Peak
Fuji symbolizes Japan's natural elegance.,Fuji
"Aconcagua, a formidable Andes peak.",Aconcagua
Elbrus stands tall in the Caucasus region.,Elbrus
Andes showcase the grandeur of Aconcagua.,Aconcagua
Rainier's glaciers define Washington's landscape.,Rainier
"Mont Blanc, a gem in the heart of the Alps.",Mont Blanc
"K2, a towering giant in the Himalaya.",K2
Whitney dominates the Sierra Nevada skyline.,Whitney
"Olympus, a mythical peak in Grecian tales.",Olympus
"Grand Teton, Wyoming's stunning natural monument.",Grand Teton
"McKinley, Alaska's proud sentinel.",McKinley
"Logan, a massive presence in the Yukon.",Logan
"Mauna Kea, a sacred summit in Hawaii.",Mauna Kea
"Etna, Europe's fiery guardian.",Etna
"Hood, an iconic peak in Oregon's landscape.",Hood
St. Helens erupted with force in 1980.,St. Helens
"Vesuvius, notorious for its ancient eruption.",Vesuvius
"Shasta, a spiritual pinnacle in California.",Shasta
"Cook, New Zealand's highest gem.",Cook
"Logan, part of the majestic St. Elias chain.",Logan
"Elbert, Colorado's loftiest point.",Elbert
"Denali, officially known as McKinley.",Denali
"Everest, Earth's highest elevation.",Everest
"Kilimanjaro, Africa's towering pinnacle.",Kilimanjaro
"Matterhorn, an alpine masterpiece.",Matterhorn
"Pikes Peak, a prominent Colorado landmark.",Pikes Peak
"Fuji, an iconic symbol of Japan's beauty.",Fuji
"Aconcagua, conquering the Andes with grace.",Aconcagua
"Elbrus, Europe's lofty summit.",Elbrus
The Andes reveal the splendor of Aconcagua.,Aconcagua
"Rainier, a natural wonder in Washington.",Rainier
"Mont Blanc, an alpine jewel.",Mont Blanc
"K2, a formidable peak in the Himalayan range.",K2
"Whitney, dominating the Sierra Nevada skyline.",Whitney
"Olympus, a mythical Greek summit.",Olympus
"Grand Teton, Wyoming's captivating pinnacle.",Grand Teton
"McKinley, Alaska's pride and joy.",McKinley
"Logan, a massive Yukon sentinel.",Logan
"Mauna Kea, a sacred Hawaiian landmark.",Mauna Kea
"Etna, Europe's most active stratovolcano.",Etna
"Hood, an iconic peak in the Cascades.",Hood
"St. Helens, remembered for its 1980 eruption.",St. Helens
"Vesuvius, infamous for its destruction in AD 79.",Vesuvius
"Shasta, a spiritual and scenic California summit.",Shasta
"Cook, the crown jewel of New Zealand's Southern Alps.",Cook
"Logan, part of the majestic St. Elias mountain range.",Logan
"Elbert, the highest peak in Colorado's Rocky Mountains.",Elbert
Denali is now officially McKinley.,Denali
"Shasta, spiritual landmark in California.",Shasta
"Cook, New Zealand's crown jewel.",Cook
"Logan, part of majestic St. Elias Range.",Logan
"Elbert, highest peak in the Rockies.",Elbert
